<?xml version="1.0" encoding="UTF-8"?>
<actor PGFVersion="0.25" id="id765552" GSCVersion="1.25.95"><attributes><text id="name">character</text><real id="time">0</real><point id="position"><real id="x">0</real><real id="y">0</real></point><size id="size"><real id="width">20</real><real id="height">50</real></size><angle id="rotation">0</angle><color id="color"><real id="red">0.99999618530273</real><real id="green">0.99993908405304</real><real id="blue">0.041033305227757</real><real id="alpha">1</real></color><image id="image"></image><text id="tags"></text><boolean id="preloadArt">true</boolean><boolean name="jumping" id="id511104">false</boolean><integer name="jumpCount" id="id542318">0</integer></attributes><behaviors><behavior id="id633269" class="CompoundBehavior" enabled="true"><attributes><text id="name">regular movement</text><text id="bundleName">Group.behavior</text><boolean id="runOnce">false</boolean><boolean id="runSequentially">false</boolean></attributes><behaviors><behavior enabled="true" id="id740317" class="RuleBehavior"><attributes><text id="name">jumping move rules keyboard</text><text id="bundleName">Rule.behavior</text><boolean id="runOnce">false</boolean><boolean id="runSequentially">false</boolean><real id="compoundConditionKind">0</real></attributes><conditions><condition id="id333511" pluginPredicateTypeIndex="0" eventType="mouse position"><attributes><index id="conditionType">1</index><text id="subjectAttribute">self.attributes.id511104</text></attributes><predicate type="boolean"><attributes><index id="RHS">1</index></attributes></predicate></condition></conditions><behaviors><behavior enabled="true" id="id758376" class="RuleBehavior"><attributes><text id="name">move right</text><text id="bundleName">Rule.behavior</text><boolean id="runOnce">false</boolean><boolean id="runSequentially">false</boolean><real id="compoundConditionKind">0</real></attributes><conditions><condition id="id761424" pluginPredicateTypeIndex="0" eventType="key"><attributes><index id="conditionType">0</index></attributes><predicate type="key"><attributes><text id="mode">down</text><text id="keyString">D</text></attributes></predicate></condition></conditions><behaviors><behavior id="id598306" class="ChangeAttributeAction" enabled="true"><attributes><text id="name">Change Attribute</text><text id="bundleName">ChangeAttribute.behavior</text><text id="targetAttribute">self.aspects.motion.attributes.linearVelocity.x</text><text id="RHS"><expression><reference keypath="game.attributes.id738291"/></expression></text></attributes></behavior></behaviors><elseBehaviors/></behavior><behavior enabled="true" id="id584806" class="RuleBehavior"><attributes><text id="name">move left</text><text id="bundleName">Rule.behavior</text><boolean id="runOnce">false</boolean><boolean id="runSequentially">false</boolean><real id="compoundConditionKind">0</real></attributes><conditions><condition id="id761424" pluginPredicateTypeIndex="0" eventType="key"><attributes><index id="conditionType">0</index></attributes><predicate type="key"><attributes><text id="mode">down</text><text id="keyString">A</text></attributes></predicate></condition></conditions><behaviors><behavior id="id598306" class="ChangeAttributeAction" enabled="true"><attributes><text id="name">Change Attribute</text><text id="bundleName">ChangeAttribute.behavior</text><text id="targetAttribute">self.aspects.motion.attributes.linearVelocity.x</text><text id="RHS"><expression><string xml:space="preserve">-</string><reference keypath="game.attributes.id738291"/></expression></text></attributes></behavior></behaviors><elseBehaviors/></behavior></behaviors><elseBehaviors/></behavior><behavior enabled="true" id="id563441" class="RuleBehavior"><attributes><text id="name">move keyboard</text><text id="bundleName">Rule.behavior</text><boolean id="runOnce">false</boolean><boolean id="runSequentially">false</boolean><real id="compoundConditionKind">0</real></attributes><conditions><condition id="id552389" pluginPredicateTypeIndex="0" eventType="key"><attributes><index id="conditionType">0</index></attributes><predicate type="key"><attributes><text id="mode">up</text><text id="keyString">D</text></attributes></predicate></condition><condition id="id932548" pluginPredicateTypeIndex="0" eventType="key"><attributes><index id="conditionType">0</index></attributes><predicate type="key"><attributes><text id="mode">up</text><text id="keyString">A</text></attributes></predicate></condition><condition id="id422787" pluginPredicateTypeIndex="0" eventType="key"><attributes><index id="conditionType">0</index></attributes><predicate type="key"><attributes><text id="mode">up</text><text id="keyString">space</text></attributes></predicate></condition></conditions><behaviors><behavior id="id444844" class="ChangeAttributeAction" enabled="true"><attributes><text id="name">stop</text><text id="bundleName">ChangeAttribute.behavior</text><text id="targetAttribute">self.aspects.motion.attributes.linearVelocity.x</text><text id="RHS">0</text></attributes></behavior></behaviors><elseBehaviors><behavior enabled="true" id="id249999" class="RuleBehavior"><attributes><text id="name">make character jump</text><text id="bundleName">Rule.behavior</text><boolean id="runOnce">false</boolean><boolean id="runSequentially">false</boolean><real id="compoundConditionKind">0</real></attributes><conditions><condition id="id552612" pluginPredicateTypeIndex="0" eventType="key"><attributes><index id="conditionType">0</index></attributes><predicate type="key"><attributes><text id="mode">down</text><text id="keyString">space</text></attributes></predicate></condition><condition id="id940015" pluginPredicateTypeIndex="0" eventType="mouse position"><attributes><index id="conditionType">1</index><text id="subjectAttribute">self.attributes.id542318</text></attributes><predicate type="number"><attributes><text id="operator">&gt;</text><real id="RHS">0</real></attributes></predicate></condition></conditions><behaviors><behavior id="id616619" class="ChangeAttributeAction" enabled="true"><attributes><text id="name">jump count</text><text id="bundleName">ChangeAttribute.behavior</text><text id="targetAttribute">self.attributes.id511104</text><text id="RHS"><expression><string xml:space="preserve">true</string></expression></text></attributes></behavior><behavior id="id754827" class="ChangeAttributeAction" enabled="true"><attributes><text id="name">jump count</text><text id="bundleName">ChangeAttribute.behavior</text><text id="targetAttribute">self.attributes.id542318</text><text id="RHS"><expression><reference keypath="self.attributes.id542318"/><string xml:space="preserve">-1</string></expression></text></attributes></behavior><behavior id="id583893" class="ChangeAttributeAction" enabled="true"><attributes><text id="name">stop</text><text id="bundleName">ChangeAttribute.behavior</text><text id="targetAttribute">self.aspects.motion.attributes.linearVelocity.y</text><text id="RHS"><expression><reference keypath="game.attributes.id763878"/></expression></text></attributes></behavior></behaviors><elseBehaviors/></behavior><behavior enabled="true" id="id357355" class="RuleBehavior"><attributes><text id="name">right</text><text id="bundleName">Rule.behavior</text><boolean id="runOnce">false</boolean><boolean id="runSequentially">false</boolean><real id="compoundConditionKind">0</real></attributes><conditions><condition id="id552612" pluginPredicateTypeIndex="0" eventType="key"><attributes><index id="conditionType">0</index></attributes><predicate type="key"><attributes><text id="mode">down</text><text id="keyString">D</text></attributes></predicate></condition><condition id="id920161" pluginPredicateTypeIndex="0" eventType="overlaps or collides"><attributes><index id="conditionType">0</index></attributes><predicate type="collision"><attributes><text id="prototypeKey">id551854</text><text id="actorTag"></text><real id="mode">0</real></attributes></predicate></condition></conditions><behaviors><behavior id="id583893" class="ChangeAttributeAction" enabled="true"><attributes><text id="name">stop</text><text id="bundleName">ChangeAttribute.behavior</text><text id="targetAttribute">self.aspects.motion.attributes.linearVelocity.x</text><text id="RHS"><expression><reference keypath="game.attributes.id738291"/></expression></text></attributes></behavior></behaviors><elseBehaviors/></behavior><behavior enabled="true" id="id307004" class="RuleBehavior"><attributes><text id="name">left</text><text id="bundleName">Rule.behavior</text><boolean id="runOnce">false</boolean><boolean id="runSequentially">false</boolean><real id="compoundConditionKind">0</real></attributes><conditions><condition id="id552612" pluginPredicateTypeIndex="0" eventType="key"><attributes><index id="conditionType">0</index></attributes><predicate type="key"><attributes><text id="mode">down</text><text id="keyString">A</text></attributes></predicate></condition><condition id="id920161" pluginPredicateTypeIndex="0" eventType="overlaps or collides"><attributes><index id="conditionType">0</index></attributes><predicate type="collision"><attributes><text id="prototypeKey">id551854</text><text id="actorTag"></text><real id="mode">0</real></attributes></predicate></condition></conditions><behaviors><behavior id="id583893" class="ChangeAttributeAction" enabled="true"><attributes><text id="name">move left</text><text id="bundleName">ChangeAttribute.behavior</text><text id="targetAttribute">self.aspects.motion.attributes.linearVelocity.x</text><text id="RHS"><expression><string xml:space="preserve">-</string><reference keypath="game.attributes.id738291"/></expression></text></attributes></behavior></behaviors><elseBehaviors/></behavior></elseBehaviors></behavior><behavior enabled="true" id="id672230" class="RuleBehavior"><attributes><text id="name">jumping move rules phone screen</text><text id="bundleName">Rule.behavior</text><boolean id="runOnce">false</boolean><boolean id="runSequentially">false</boolean><real id="compoundConditionKind">0</real></attributes><conditions><condition id="id333511" pluginPredicateTypeIndex="0" eventType="mouse position"><attributes><index id="conditionType">1</index><text id="subjectAttribute">self.attributes.id511104</text></attributes><predicate type="boolean"><attributes><index id="RHS">1</index></attributes></predicate></condition></conditions><behaviors><behavior enabled="true" id="id758376" class="RuleBehavior"><attributes><text id="name">move right</text><text id="bundleName">Rule.behavior</text><boolean id="runOnce">false</boolean><boolean id="runSequentially">false</boolean><real id="compoundConditionKind">0</real></attributes><conditions><condition id="id761424" pluginPredicateTypeIndex="0" eventType="key"><attributes><index id="conditionType">1</index><text id="subjectAttribute">game.attributes.id326414</text></attributes><predicate type="boolean"><attributes><index id="RHS">1</index></attributes></predicate></condition></conditions><behaviors><behavior id="id598306" class="ChangeAttributeAction" enabled="true"><attributes><text id="name">Change Attribute</text><text id="bundleName">ChangeAttribute.behavior</text><text id="targetAttribute">self.aspects.motion.attributes.linearVelocity.x</text><text id="RHS"><expression><reference keypath="game.attributes.id738291"/></expression></text></attributes></behavior></behaviors><elseBehaviors/></behavior><behavior enabled="true" id="id584806" class="RuleBehavior"><attributes><text id="name">move left</text><text id="bundleName">Rule.behavior</text><boolean id="runOnce">false</boolean><boolean id="runSequentially">false</boolean><real id="compoundConditionKind">0</real></attributes><conditions><condition id="id761424" pluginPredicateTypeIndex="0" eventType="key"><attributes><index id="conditionType">1</index><text id="subjectAttribute">game.attributes.id483352</text></attributes><predicate type="boolean"><attributes><index id="RHS">1</index></attributes></predicate></condition></conditions><behaviors><behavior id="id598306" class="ChangeAttributeAction" enabled="true"><attributes><text id="name">Change Attribute</text><text id="bundleName">ChangeAttribute.behavior</text><text id="targetAttribute">self.aspects.motion.attributes.linearVelocity.x</text><text id="RHS"><expression><string xml:space="preserve">-</string><reference keypath="game.attributes.id738291"/></expression></text></attributes></behavior></behaviors><elseBehaviors/></behavior></behaviors><elseBehaviors/></behavior><behavior enabled="true" id="id113940" class="RuleBehavior"><attributes><text id="name">move phone screen</text><text id="bundleName">Rule.behavior</text><boolean id="runOnce">false</boolean><boolean id="runSequentially">false</boolean><real id="compoundConditionKind">0</real></attributes><conditions><condition id="id552389" pluginPredicateTypeIndex="0" eventType="key"><attributes><index id="conditionType">1</index><text id="subjectAttribute">game.attributes.id483352</text></attributes><predicate type="boolean"><attributes><index id="RHS">0</index></attributes></predicate></condition><condition id="id932548" pluginPredicateTypeIndex="0" eventType="key"><attributes><index id="conditionType">1</index><text id="subjectAttribute">game.attributes.id326414</text></attributes><predicate type="boolean"><attributes><index id="RHS">0</index></attributes></predicate></condition><condition id="id422787" pluginPredicateTypeIndex="0" eventType="key"><attributes><index id="conditionType">1</index><text id="subjectAttribute">game.attributes.id424671</text></attributes><predicate type="boolean"><attributes><index id="RHS">0</index></attributes></predicate></condition></conditions><behaviors><behavior id="id444844" class="ChangeAttributeAction" enabled="true"><attributes><text id="name">stop</text><text id="bundleName">ChangeAttribute.behavior</text><text id="targetAttribute">self.aspects.motion.attributes.linearVelocity.x</text><text id="RHS">0</text></attributes></behavior></behaviors><elseBehaviors><behavior enabled="true" id="id249999" class="RuleBehavior"><attributes><text id="name">make character jump</text><text id="bundleName">Rule.behavior</text><boolean id="runOnce">false</boolean><boolean id="runSequentially">false</boolean><real id="compoundConditionKind">0</real></attributes><conditions><condition id="id552612" pluginPredicateTypeIndex="0" eventType="key"><attributes><index id="conditionType">1</index><text id="subjectAttribute">game.attributes.id424671</text></attributes><predicate type="boolean"><attributes><index id="RHS">1</index></attributes></predicate></condition><condition id="id940015" pluginPredicateTypeIndex="0" eventType="mouse position"><attributes><index id="conditionType">1</index><text id="subjectAttribute">self.attributes.id542318</text></attributes><predicate type="number"><attributes><text id="operator">&gt;</text><real id="RHS">0</real></attributes></predicate></condition></conditions><behaviors><behavior id="id616619" class="ChangeAttributeAction" enabled="true"><attributes><text id="name">jump count</text><text id="bundleName">ChangeAttribute.behavior</text><text id="targetAttribute">self.attributes.id511104</text><text id="RHS"><expression><string xml:space="preserve">true</string></expression></text></attributes></behavior><behavior id="id754827" class="ChangeAttributeAction" enabled="true"><attributes><text id="name">jump count</text><text id="bundleName">ChangeAttribute.behavior</text><text id="targetAttribute">self.attributes.id542318</text><text id="RHS"><expression><reference keypath="self.attributes.id542318"/><string xml:space="preserve">-1</string></expression></text></attributes></behavior><behavior id="id583893" class="ChangeAttributeAction" enabled="true"><attributes><text id="name">stop</text><text id="bundleName">ChangeAttribute.behavior</text><text id="targetAttribute">self.aspects.motion.attributes.linearVelocity.y</text><text id="RHS"><expression><reference keypath="game.attributes.id763878"/></expression></text></attributes></behavior></behaviors><elseBehaviors/></behavior><behavior enabled="true" id="id357355" class="RuleBehavior"><attributes><text id="name">right</text><text id="bundleName">Rule.behavior</text><boolean id="runOnce">false</boolean><boolean id="runSequentially">false</boolean><real id="compoundConditionKind">0</real></attributes><conditions><condition id="id552612" pluginPredicateTypeIndex="0" eventType="key"><attributes><index id="conditionType">1</index><text id="subjectAttribute">game.attributes.id326414</text></attributes><predicate type="boolean"><attributes><index id="RHS">1</index></attributes></predicate></condition><condition id="id920161" pluginPredicateTypeIndex="0" eventType="overlaps or collides"><attributes><index id="conditionType">0</index></attributes><predicate type="collision"><attributes><text id="prototypeKey">id551854</text><text id="actorTag"></text><real id="mode">0</real></attributes></predicate></condition></conditions><behaviors><behavior id="id583893" class="ChangeAttributeAction" enabled="true"><attributes><text id="name">stop</text><text id="bundleName">ChangeAttribute.behavior</text><text id="targetAttribute">self.aspects.motion.attributes.linearVelocity.x</text><text id="RHS"><expression><reference keypath="game.attributes.id738291"/></expression></text></attributes></behavior></behaviors><elseBehaviors/></behavior><behavior enabled="true" id="id307004" class="RuleBehavior"><attributes><text id="name">left</text><text id="bundleName">Rule.behavior</text><boolean id="runOnce">false</boolean><boolean id="runSequentially">false</boolean><real id="compoundConditionKind">0</real></attributes><conditions><condition id="id552612" pluginPredicateTypeIndex="0" eventType="key"><attributes><index id="conditionType">1</index><text id="subjectAttribute">game.attributes.id483352</text></attributes><predicate type="boolean"><attributes><index id="RHS">1</index></attributes></predicate></condition><condition id="id920161" pluginPredicateTypeIndex="0" eventType="overlaps or collides"><attributes><index id="conditionType">0</index></attributes><predicate type="collision"><attributes><text id="prototypeKey">id551854</text><text id="actorTag"></text><real id="mode">0</real></attributes></predicate></condition></conditions><behaviors><behavior id="id583893" class="ChangeAttributeAction" enabled="true"><attributes><text id="name">move left</text><text id="bundleName">ChangeAttribute.behavior</text><text id="targetAttribute">self.aspects.motion.attributes.linearVelocity.x</text><text id="RHS"><expression><string xml:space="preserve">-</string><reference keypath="game.attributes.id738291"/></expression></text></attributes></behavior></behaviors><elseBehaviors/></behavior></elseBehaviors></behavior><behavior id="id100323" class="CompoundBehavior" enabled="true"><attributes><text id="name">Colliders</text><text id="bundleName">Group.behavior</text><boolean id="runOnce">false</boolean><boolean id="runSequentially">false</boolean></attributes><behaviors><behavior id="id449159" class="CollideBehavior" enabled="true"><attributes><text id="name">spikes</text><text id="bundleName">Collide.behavior</text><text id="prototypeKey">id660154</text><text id="actorTag"></text><index id="mode">0</index></attributes></behavior><behavior id="id498287" class="CollideBehavior" enabled="true"><attributes><text id="name">platforms</text><text id="bundleName">Collide.behavior</text><text id="prototypeKey">id967875</text><text id="actorTag"></text><index id="mode">0</index></attributes></behavior><behavior id="id720800" class="CollideBehavior" enabled="true"><attributes><text id="name">ground</text><text id="bundleName">Collide.behavior</text><text id="prototypeKey">id551854</text><text id="actorTag"></text><index id="mode">0</index></attributes></behavior><behavior id="id728917" class="CollideBehavior" enabled="true"><attributes><text id="name">wall</text><text id="bundleName">Collide.behavior</text><text id="prototypeKey">id573059</text><text id="actorTag"></text><index id="mode">0</index></attributes></behavior><behavior id="id318722" class="CollideBehavior" enabled="true"><attributes><text id="name">door button</text><text id="bundleName">Collide.behavior</text><text id="prototypeKey">id880846</text><text id="actorTag"></text><index id="mode">0</index></attributes></behavior><behavior id="id853871" class="CollideBehavior" enabled="true"><attributes><text id="name">door</text><text id="bundleName">Collide.behavior</text><text id="prototypeKey">id492265</text><text id="actorTag"></text><index id="mode">0</index></attributes></behavior><behavior id="id268184" class="CollideBehavior" enabled="true"><attributes><text id="name">ledge</text><text id="bundleName">Collide.behavior</text><text id="prototypeKey">id863036</text><text id="actorTag"></text><index id="mode">0</index></attributes></behavior><behavior enabled="true" id="id667565" class="RuleBehavior"><attributes><text id="name">jump</text><text id="bundleName">Rule.behavior</text><boolean id="runOnce">false</boolean><boolean id="runSequentially">false</boolean><real id="compoundConditionKind">0</real></attributes><conditions><condition id="id318447" pluginPredicateTypeIndex="0" eventType="overlaps or collides"><attributes><index id="conditionType">0</index></attributes><predicate type="collision"><attributes><text id="prototypeKey">id551854</text><text id="actorTag"></text><real id="mode">0</real></attributes></predicate></condition></conditions><behaviors><behavior id="id188749" class="ChangeAttributeAction" enabled="true"><attributes><text id="name">Change Attribute</text><text id="bundleName">ChangeAttribute.behavior</text><text id="targetAttribute">self.attributes.id511104</text><text id="RHS">false</text></attributes></behavior><behavior id="id503974" class="ChangeAttributeAction" enabled="true"><attributes><text id="name">Change Attribute</text><text id="bundleName">ChangeAttribute.behavior</text><text id="targetAttribute">self.attributes.id542318</text><text id="RHS">2</text></attributes></behavior></behaviors><elseBehaviors/></behavior></behaviors></behavior><behavior id="id863919" class="AccelerateBehavior" enabled="true"><attributes><text id="name">gravity</text><text id="bundleName">Accelerate.behavior</text><angle id="direction">270</angle><index id="space">1</index><real id="acceleration"><expression><string xml:space="preserve">800</string></expression></real></attributes></behavior></behaviors></behavior><behavior id="id498265" class="CompoundBehavior" enabled="true"><attributes><text id="name">health</text><text id="bundleName">Group.behavior</text><boolean id="runOnce">false</boolean><boolean id="runSequentially">false</boolean></attributes><behaviors><behavior enabled="true" id="id929030" class="RuleBehavior"><attributes><text id="name">Rule</text><text id="bundleName">Rule.behavior</text><boolean id="runOnce">false</boolean><boolean id="runSequentially">false</boolean><real id="compoundConditionKind">0</real></attributes><conditions><condition id="id236626" pluginPredicateTypeIndex="0" eventType="mouse position"><attributes><index id="conditionType">1</index><text id="subjectAttribute">game.attributes.id905319</text></attributes><predicate type="number"><attributes><text id="operator">&lt;=</text><real id="RHS">0</real></attributes></predicate></condition></conditions><behaviors><behavior id="id630892" class="ChangeSceneAction" enabled="true"><attributes><text id="name">Change Scene</text><text id="bundleName">ChangeScene.behavior</text><text id="sceneKey">id516953</text><index id="enableAdvertisement">1</index><index id="index">1</index></attributes></behavior><behavior id="id112863" class="ChangeAttributeAction" enabled="true"><attributes><text id="name">reset door</text><text id="bundleName">ChangeAttribute.behavior</text><text id="targetAttribute">game.attributes.id345819</text><text id="RHS">false</text></attributes></behavior><behavior id="id712811" class="ChangeAttributeAction" enabled="true"><attributes><text id="name">reset spikes</text><text id="bundleName">ChangeAttribute.behavior</text><text id="targetAttribute">game.attributes.id718502</text><text id="RHS">false</text></attributes></behavior><behavior id="id769447" class="ChangeAttributeAction" enabled="true"><attributes><text id="name">reset health</text><text id="bundleName">ChangeAttribute.behavior</text><text id="targetAttribute">game.attributes.id905319</text><text id="RHS">1</text></attributes></behavior></behaviors><elseBehaviors/></behavior></behaviors></behavior><behavior id="id359378" class="ControlCameraBehavior" enabled="true"><attributes><text id="name">Control Camera</text><text id="bundleName">ControlCamera.behavior</text></attributes></behavior><behavior id="id234596" class="CompoundBehavior" enabled="true"><attributes><text id="name">level actions</text><text id="bundleName">Group.behavior</text><boolean id="runOnce">false</boolean><boolean id="runSequentially">false</boolean></attributes><behaviors><behavior id="id114676" class="CompoundBehavior" enabled="true"><attributes><text id="name">next level</text><text id="bundleName">Group.behavior</text><boolean id="runOnce">false</boolean><boolean id="runSequentially">false</boolean></attributes><behaviors><behavior enabled="true" id="id995936" class="RuleBehavior"><attributes><text id="name">Rule</text><text id="bundleName">Rule.behavior</text><boolean id="runOnce">false</boolean><boolean id="runSequentially">false</boolean><real id="compoundConditionKind">0</real></attributes><conditions><condition id="id253904" pluginPredicateTypeIndex="0" eventType="overlaps or collides"><attributes><index id="conditionType">0</index></attributes><predicate type="collision"><attributes><text id="prototypeKey">id534022</text><text id="actorTag"></text><real id="mode">0</real></attributes></predicate></condition></conditions><behaviors><behavior id="id126465" class="TimerBehavior" enabled="true"><attributes><text id="name">Timer</text><text id="bundleName">Timer.behavior</text><boolean id="runOnce">false</boolean><boolean id="runSequentially">false</boolean><index id="timerType">1</index><real id="interval">1</real><boolean id="runToCompletion">false</boolean></attributes><behaviors><behavior id="id135909" class="ChangeAttributeAction" enabled="true"><attributes><text id="name">Change Attribute</text><text id="bundleName">ChangeAttribute.behavior</text><text id="targetAttribute">game.attributes.id345819</text><text id="RHS">false</text></attributes></behavior><behavior id="id429985" class="ChangeSceneAction" enabled="true"><attributes><text id="name">Change Scene</text><text id="bundleName">ChangeScene.behavior</text><text id="sceneKey">next</text><index id="enableAdvertisement">1</index><index id="index">1</index></attributes></behavior></behaviors></behavior></behaviors><elseBehaviors/></behavior></behaviors></behavior><behavior id="id338788" class="CompoundBehavior" enabled="true"><attributes><text id="name">spikes</text><text id="bundleName">Group.behavior</text><boolean id="runOnce">false</boolean><boolean id="runSequentially">false</boolean></attributes><behaviors><behavior enabled="true" id="id971945" class="RuleBehavior"><attributes><text id="name">activate spikes</text><text id="bundleName">Rule.behavior</text><boolean id="runOnce">false</boolean><boolean id="runSequentially">false</boolean><real id="compoundConditionKind">0</real></attributes><conditions><condition id="id266243" pluginPredicateTypeIndex="0" eventType="overlaps or collides"><attributes><index id="conditionType">0</index></attributes><predicate type="collision"><attributes><text id="prototypeKey">id911976</text><text id="actorTag"></text><real id="mode">0</real></attributes></predicate></condition></conditions><behaviors><behavior id="id722337" class="ChangeAttributeAction" enabled="true"><attributes><text id="name">activate spikes</text><text id="bundleName">ChangeAttribute.behavior</text><text id="targetAttribute">game.attributes.id718502</text><text id="RHS">true</text></attributes></behavior></behaviors><elseBehaviors/></behavior><behavior enabled="true" id="id610768" class="RuleBehavior"><attributes><text id="name">spikes kill</text><text id="bundleName">Rule.behavior</text><boolean id="runOnce">false</boolean><boolean id="runSequentially">false</boolean><real id="compoundConditionKind">0</real></attributes><conditions><condition id="id266243" pluginPredicateTypeIndex="0" eventType="overlaps or collides"><attributes><index id="conditionType">0</index></attributes><predicate type="collision"><attributes><text id="prototypeKey">id660154</text><text id="actorTag"></text><real id="mode">0</real></attributes></predicate></condition></conditions><behaviors><behavior id="id722337" class="ChangeAttributeAction" enabled="true"><attributes><text id="name">activate spikes</text><text id="bundleName">ChangeAttribute.behavior</text><text id="targetAttribute">game.attributes.id905319</text><text id="RHS"><expression><reference keypath="game.attributes.id905319"/><string xml:space="preserve">-1</string></expression></text></attributes></behavior></behaviors><elseBehaviors/></behavior></behaviors></behavior><behavior enabled="true" id="id423180" class="RuleBehavior"><attributes><text id="name">open door</text><text id="bundleName">Rule.behavior</text><boolean id="runOnce">false</boolean><boolean id="runSequentially">false</boolean><real id="compoundConditionKind">0</real></attributes><conditions><condition id="id264187" pluginPredicateTypeIndex="0" eventType="overlaps or collides"><attributes><index id="conditionType">0</index></attributes><predicate type="collision"><attributes><text id="prototypeKey">id880846</text><text id="actorTag"></text><real id="mode">0</real></attributes></predicate></condition></conditions><behaviors><behavior id="id688921" class="ChangeAttributeAction" enabled="true"><attributes><text id="name">open door attribute</text><text id="bundleName">ChangeAttribute.behavior</text><text id="targetAttribute">game.attributes.id345819</text><text id="RHS">true</text></attributes></behavior></behaviors><elseBehaviors/></behavior></behaviors></behavior><behavior enabled="true" id="id845958" class="RuleBehavior"><attributes><text id="name">if contact with ledge</text><text id="bundleName">Rule.behavior</text><boolean id="runOnce">false</boolean><boolean id="runSequentially">false</boolean><real id="compoundConditionKind">0</real></attributes><conditions><condition id="id681844" pluginPredicateTypeIndex="0" eventType="overlaps or collides"><attributes><index id="conditionType">0</index></attributes><predicate type="collision"><attributes><text id="prototypeKey">id863036</text><text id="actorTag"></text><real id="mode">0</real></attributes></predicate></condition><condition id="id164993" pluginPredicateTypeIndex="0" eventType="touch"><attributes><index id="conditionType">1</index><text id="subjectAttribute">game.attributes.id424671</text></attributes><predicate type="boolean"><attributes><index id="RHS">1</index></attributes></predicate></condition></conditions><behaviors><behavior id="id152353" class="ChangeVelocityAction" enabled="true"><attributes><text id="name">Change Velocity</text><text id="bundleName">ChangeVelocity.behavior</text><angle id="direction">45</angle><index id="space">0</index><real id="speed"><expression><reference keypath="game.attributes.id763878"/></expression></real></attributes></behavior><behavior enabled="true" id="id917912" class="RuleBehavior"><attributes><text id="name">jumping move rules keyboard</text><text id="bundleName">Rule.behavior</text><boolean id="runOnce">false</boolean><boolean id="runSequentially">false</boolean><real id="compoundConditionKind">0</real></attributes><conditions><condition id="id333511" pluginPredicateTypeIndex="0" eventType="mouse position"><attributes><index id="conditionType">1</index><text id="subjectAttribute">self.attributes.id511104</text></attributes><predicate type="boolean"><attributes><index id="RHS">1</index></attributes></predicate></condition></conditions><behaviors><behavior enabled="true" id="id758376" class="RuleBehavior"><attributes><text id="name">move right</text><text id="bundleName">Rule.behavior</text><boolean id="runOnce">false</boolean><boolean id="runSequentially">false</boolean><real id="compoundConditionKind">0</real></attributes><conditions><condition id="id761424" pluginPredicateTypeIndex="0" eventType="key"><attributes><index id="conditionType">0</index></attributes><predicate type="key"><attributes><text id="mode">down</text><text id="keyString">D</text></attributes></predicate></condition></conditions><behaviors><behavior id="id598306" class="ChangeAttributeAction" enabled="true"><attributes><text id="name">Change Attribute</text><text id="bundleName">ChangeAttribute.behavior</text><text id="targetAttribute">self.aspects.motion.attributes.linearVelocity.x</text><text id="RHS"><expression><reference keypath="game.attributes.id738291"/></expression></text></attributes></behavior></behaviors><elseBehaviors/></behavior><behavior enabled="true" id="id584806" class="RuleBehavior"><attributes><text id="name">move left</text><text id="bundleName">Rule.behavior</text><boolean id="runOnce">false</boolean><boolean id="runSequentially">false</boolean><real id="compoundConditionKind">0</real></attributes><conditions><condition id="id761424" pluginPredicateTypeIndex="0" eventType="key"><attributes><index id="conditionType">0</index></attributes><predicate type="key"><attributes><text id="mode">down</text><text id="keyString">A</text></attributes></predicate></condition></conditions><behaviors><behavior id="id598306" class="ChangeAttributeAction" enabled="true"><attributes><text id="name">Change Attribute</text><text id="bundleName">ChangeAttribute.behavior</text><text id="targetAttribute">self.aspects.motion.attributes.linearVelocity.x</text><text id="RHS"><expression><string xml:space="preserve">-</string><reference keypath="game.attributes.id738291"/></expression></text></attributes></behavior></behaviors><elseBehaviors/></behavior></behaviors><elseBehaviors/></behavior></behaviors><elseBehaviors><behavior enabled="true" id="id828710" class="RuleBehavior"><attributes><text id="name">if contact with ledge</text><text id="bundleName">Rule.behavior</text><boolean id="runOnce">false</boolean><boolean id="runSequentially">false</boolean><real id="compoundConditionKind">0</real></attributes><conditions><condition id="id681844" pluginPredicateTypeIndex="0" eventType="overlaps or collides"><attributes><index id="conditionType">0</index></attributes><predicate type="collision"><attributes><text id="prototypeKey">id863036</text><text id="actorTag"></text><real id="mode">0</real></attributes></predicate></condition><condition id="id744898" pluginPredicateTypeIndex="0" eventType="key"><attributes><index id="conditionType">0</index></attributes><predicate type="key"><attributes><text id="mode">up</text><text id="keyString">space</text></attributes></predicate></condition></conditions><behaviors><behavior id="id406086" class="CompoundBehavior" enabled="true"><attributes><text id="name">set posX &amp; posY</text><text id="bundleName">Group.behavior</text><boolean id="runOnce">false</boolean><boolean id="runSequentially">false</boolean></attributes><behaviors><behavior id="id992385" class="ChangeAttributeAction" enabled="true"><attributes><text id="name">Set posX</text><text id="bundleName">ChangeAttribute.behavior</text><text id="targetAttribute">game.attributes.id545694</text><text id="RHS"><expression><reference keypath="self.attributes.position.x"/></expression></text></attributes></behavior><behavior id="id216093" class="ChangeAttributeAction" enabled="true"><attributes><text id="name">Set posY</text><text id="bundleName">ChangeAttribute.behavior</text><text id="targetAttribute">game.attributes.id576807</text><text id="RHS"><expression><reference keypath="self.attributes.position.y"/></expression></text></attributes></behavior></behaviors></behavior><behavior id="id208704" class="CompoundBehavior" enabled="true"><attributes><text id="name">constrain x/y position</text><text id="bundleName">Group.behavior</text><boolean id="runOnce">false</boolean><boolean id="runSequentially">false</boolean></attributes><behaviors><behavior id="id630164" class="ConstrainAttributeBehavior" enabled="true"><attributes><text id="name">Constrain Y on ledge</text><text id="bundleName">ConstrainAttribute.behavior</text><text id="targetAttribute">self.attributes.position.y</text><text id="RHS"><expression><reference keypath="game.attributes.id576807"/></expression></text></attributes></behavior><behavior id="id837502" class="ConstrainAttributeBehavior" enabled="true"><attributes><text id="name">Constrain X on ledge</text><text id="bundleName">ConstrainAttribute.behavior</text><text id="targetAttribute">self.attributes.position.x</text><text id="RHS"><expression><reference keypath="game.attributes.id545694"/></expression></text></attributes></behavior></behaviors></behavior></behaviors><elseBehaviors/></behavior></elseBehaviors></behavior></behaviors><aspects><graphics><attributes><boolean id="visible">true</boolean><enumeration id="blendingMode">0</enumeration><enumeration id="horizontalWrap">0</enumeration><enumeration id="verticalWrap">0</enumeration><enumeration id="horizontalAnchor">0</enumeration><enumeration id="verticalAnchor">0</enumeration><boolean id="flipHorizontally">false</boolean><boolean id="flipVertically">false</boolean><integer id="tileWidth">20</integer><integer id="tileHeight">50</integer></attributes></graphics><motion><attributes><point id="linearVelocity"><real id="x">0</real><real id="y">0</real></point><point id="centerOfMass"><real id="x">0</real><real id="y">0</real></point><real id="angularVelocity">0</real><real id="maxSpeed">0</real><boolean id="applyMaxSpeed">false</boolean><boolean id="pin">false</boolean></attributes></motion><physics><attributes><real id="density">100</real><real id="friction">0</real><real id="restitution">0</real><boolean id="fixedRotation">true</boolean><boolean id="movable">true</boolean><enumeration id="collisionShape">0</enumeration><real id="drag">0</real><real id="angularDrag">0</real><boolean id="canSleep">true</boolean><boolean id="betterColisions">false</boolean></attributes></physics></aspects></actor>
