<?xml version="1.0" encoding="UTF-8"?>
<game GSCVersion="1.25.95" PGFVersion="0.25" title="Prince of Persia"><resolutionIndependence>0</resolutionIndependence><instructions>Add game instructions here.</instructions><resolution>16</resolution><scenes><scene id="id269551" label="door button"/><scene id="id516953" label="spikes"/></scenes><longDescription>Ready to create the next hit game?  Start here.</longDescription><prototypes><actor id="id551854"/><actor id="id573059"/><actor id="id492265"/><actor id="id765552"/><actor id="id880846"/><actor id="id534022"/><actor id="id660154"/><actor id="id911976"/><actor id="id121064"/><actor id="id407435"/><actor id="id991035"/><actor id="id863036"/></prototypes><plugins><attributes id="playhaven"/><attributes id="qqgamecenter"><boolean id="enabled">false</boolean></attributes></plugins><networkEnabled>0</networkEnabled><attributes><text id="name">default name</text><real id="time">0</real><integer id="randomSeed">-1</integer><size id="displaySize"><real id="width">736</real><real id="height">414</real></size><text id="actorTags"></text><adreward id="adReward"><integer id="value">0</integer><text id="name"></text></adreward><enumeration id="playerType">1</enumeration><playermap id="player1 Keymap"><text id="dpadUp"></text><text id="dpadDown"></text><text id="dpadLeft"></text><text id="dpadRight"></text><text id="buttonX"></text><text id="buttonY"></text><text id="buttonA"></text><text id="buttonB"></text><text id="start"></text><text id="select"></text><text id="leftShoulder1"></text><text id="rightShoulder1"></text><text id="leftShoulder2"></text><text id="rightShoulder2"></text><text id="leftStickClick"></text><text id="rightStickClick"></text></playermap><playermap id="player2 Keymap"><text id="dpadUp"></text><text id="dpadDown"></text><text id="dpadLeft"></text><text id="dpadRight"></text><text id="buttonX"></text><text id="buttonY"></text><text id="buttonA"></text><text id="buttonB"></text><text id="start"></text><text id="select"></text><text id="leftShoulder1"></text><text id="rightShoulder1"></text><text id="leftShoulder2"></text><text id="rightShoulder2"></text><text id="leftStickClick"></text><text id="rightStickClick"></text></playermap><playermap id="player3 Keymap"><text id="dpadUp"></text><text id="dpadDown"></text><text id="dpadLeft"></text><text id="dpadRight"></text><text id="buttonX"></text><text id="buttonY"></text><text id="buttonA"></text><text id="buttonB"></text><text id="start"></text><text id="select"></text><text id="leftShoulder1"></text><text id="rightShoulder1"></text><text id="leftShoulder2"></text><text id="rightShoulder2"></text><text id="leftStickClick"></text><text id="rightStickClick"></text></playermap><playermap id="player4 Keymap"><text id="dpadUp"></text><text id="dpadDown"></text><text id="dpadLeft"></text><text id="dpadRight"></text><text id="buttonX"></text><text id="buttonY"></text><text id="buttonA"></text><text id="buttonB"></text><text id="start"></text><text id="select"></text><text id="leftShoulder1"></text><text id="rightShoulder1"></text><text id="leftShoulder2"></text><text id="rightShoulder2"></text><text id="leftStickClick"></text><text id="rightStickClick"></text></playermap><playermap id="player5 Keymap"><text id="dpadUp"></text><text id="dpadDown"></text><text id="dpadLeft"></text><text id="dpadRight"></text><text id="buttonX"></text><text id="buttonY"></text><text id="buttonA"></text><text id="buttonB"></text><text id="start"></text><text id="select"></text><text id="leftShoulder1"></text><text id="rightShoulder1"></text><text id="leftShoulder2"></text><text id="rightShoulder2"></text><text id="leftStickClick"></text><text id="rightStickClick"></text></playermap><playermap id="player6 Keymap"><text id="dpadUp"></text><text id="dpadDown"></text><text id="dpadLeft"></text><text id="dpadRight"></text><text id="buttonX"></text><text id="buttonY"></text><text id="buttonA"></text><text id="buttonB"></text><text id="start"></text><text id="select"></text><text id="leftShoulder1"></text><text id="rightShoulder1"></text><text id="leftShoulder2"></text><text id="rightShoulder2"></text><text id="leftStickClick"></text><text id="rightStickClick"></text></playermap><playermap id="player7 Keymap"><text id="dpadUp"></text><text id="dpadDown"></text><text id="dpadLeft"></text><text id="dpadRight"></text><text id="buttonX"></text><text id="buttonY"></text><text id="buttonA"></text><text id="buttonB"></text><text id="start"></text><text id="select"></text><text id="leftShoulder1"></text><text id="rightShoulder1"></text><text id="leftShoulder2"></text><text id="rightShoulder2"></text><text id="leftStickClick"></text><text id="rightStickClick"></text></playermap><playermap id="player8 Keymap"><text id="dpadUp"></text><text id="dpadDown"></text><text id="dpadLeft"></text><text id="dpadRight"></text><text id="buttonX"></text><text id="buttonY"></text><text id="buttonA"></text><text id="buttonB"></text><text id="start"></text><text id="select"></text><text id="leftShoulder1"></text><text id="rightShoulder1"></text><text id="leftShoulder2"></text><text id="rightShoulder2"></text><text id="leftStickClick"></text><text id="rightStickClick"></text></playermap><table name="PurchaseTable" id="id223483">PurchaseTable</table><integer name="playerX" id="id545694">0</integer><integer name="playerY" id="id576807">0</integer><boolean name="openDoor" id="id345819">false</boolean><boolean name="spikesUp" id="id718502">false</boolean><integer name="health" id="id905319">1</integer><integer name="movementSpeed" id="id738291">170</integer><integer name="jumpSpeed" id="id763878">400</integer><boolean name="moveLeft" id="id483352">false</boolean><boolean name="moveRight" id="id326414">false</boolean><boolean name="jump" id="id424671">false</boolean></attributes></game>
