<?xml version="1.0" encoding="UTF-8"?>
<scene id="id269551" GSCVersion="1.25.95" PGFVersion="0.25"><layers><layer id="id112326"><actors><actor id="id260193" prototype="id534022"><attributes><point id="position"><real id="x">729</real><real id="y">218</real></point><size id="size"><real id="width">100</real><real id="height">230</real></size></attributes><aspects><graphics><attributes><integer id="tileWidth">100</integer><integer id="tileHeight">100</integer></attributes></graphics></aspects></actor><actor id="id558154" prototype="id880846"><attributes><point id="position"><real id="x">310</real><real id="y">103</real></point><size id="size"><real id="width">30</real><real id="height">30</real></size><angle id="rotation">0</angle></attributes><aspects/></actor><actor id="id615651" prototype="id492265"><attributes><point id="position"><real id="x">649</real><real id="y">178</real></point><size id="size"><real id="width">10</real><real id="height">150</real></size><angle id="rotation">0</angle></attributes><aspects/></actor><actor id="id961624" prototype="id551854"><attributes><point id="position"><real id="x">383</real><real id="y">50.5</real></point><size id="size"><real id="width">768</real><real id="height">107</real></size><angle id="rotation">0</angle></attributes><aspects/></actor><actor id="id193376" prototype="id573059"><attributes><point id="position"><real id="x">2</real><real id="y">219.5</real></point><size id="size"><real id="width">40</real><real id="height">393</real></size></attributes><aspects/></actor><actor id="id351828" prototype="id573059"><attributes><point id="position"><real id="x">649</real><real id="y">422.5</real></point><size id="size"><real id="width">24</real><real id="height">377</real></size><angle id="rotation">0</angle></attributes><aspects/></actor><actor id="id532754" prototype="id765552"><attributes><point id="position"><real id="x">68</real><real id="y">129</real></point><size id="size"><real id="width">20</real><real id="height">50</real></size><angle id="rotation">0</angle></attributes><aspects/></actor><actor id="id369609" prototype="id573059"><attributes><point id="position"><real id="x">749</real><real id="y">226</real></point><size id="size"><real id="width">24</real><real id="height">434</real></size></attributes><aspects/></actor><actor id="id902719" prototype="id551854"><attributes><point id="position"><real id="x">692</real><real id="y">428</real></point><size id="size"><real id="width">200</real><real id="height">24</real></size></attributes><aspects/></actor><actor id="id338243" prototype="id551854"><attributes><point id="position"><real id="x">95</real><real id="y">271</real></point><size id="size"><real id="width">200</real><real id="height">24</real></size><angle id="rotation">0</angle></attributes><aspects/></actor><actor id="id176965" prototype="id121064"><attributes><point id="position"><real id="x">56</real><real id="y">51</real></point></attributes><aspects><graphics><attributes><integer id="tileWidth">100</integer><integer id="tileHeight">100</integer></attributes></graphics></aspects></actor><actor id="id739284" prototype="id407435"><attributes><point id="position"><real id="x">175</real><real id="y">52</real></point></attributes><aspects><graphics><attributes><integer id="tileWidth">100</integer><integer id="tileHeight">100</integer></attributes></graphics></aspects></actor><actor id="id760657" prototype="id991035"><attributes><point id="position"><real id="x">681</real><real id="y">52</real></point></attributes><aspects><graphics><attributes><integer id="tileWidth">100</integer><integer id="tileHeight">100</integer></attributes></graphics></aspects></actor><actor id="id149190" prototype="id863036"><attributes><point id="position"><real id="x">186</real><real id="y">271</real></point><size id="size"><real id="width">30</real><real id="height">30</real></size><angle id="rotation">0</angle></attributes><aspects/></actor></actors><attributes><text id="name">Background</text><boolean id="scrollable">true</boolean></attributes></layer></layers><attributes><text id="name">door button</text><real id="time">0</real><size id="size"><real id="width">736</real><real id="height">414</real></size><boolean id="wrapX">false</boolean><boolean id="wrapY">false</boolean><point id="gravity"><real id="x">0</real><real id="y">0</real></point><color id="color"><real id="red">0</real><real id="green">0</real><real id="blue">0</real><real id="alpha">1</real></color><rect id="camera"><point id="origin"><real id="x">0</real><real id="y">0</real></point><size id="size"><real id="width">736</real><real id="height">414</real></size><size id="trackingArea"><real id="width">656</real><real id="height">334</real></size><real id="rotation">0</real></rect><attributes id="autorotate"><boolean id="landscapeLeft">true</boolean><boolean id="portrait">false</boolean><boolean id="landscapeRight">false</boolean><boolean id="portraitUpsideDown">false</boolean></attributes></attributes></scene>
