<?xml version="1.0" encoding="UTF-8"?>
<scene id="id516953" GSCVersion="1.25.95" PGFVersion="0.25"><layers><layer id="id112326"><actors><actor id="id344345" prototype="id911976"><attributes><point id="position"><real id="x">140</real><real id="y">160</real></point></attributes><aspects><graphics><attributes><integer id="tileWidth">100</integer><integer id="tileHeight">100</integer></attributes></graphics></aspects></actor><actor id="id955174" prototype="id660154"><attributes><point id="position"><real id="x">269</real><real id="y">76</real></point><size id="size"><real id="width">24</real><real id="height">48</real></size></attributes><aspects/></actor><actor id="id955230" prototype="id660154"><attributes><point id="position"><real id="x">255</real><real id="y">85</real></point><size id="size"><real id="width">24</real><real id="height">50</real></size><angle id="rotation">0</angle></attributes><aspects/></actor><actor id="id482391" prototype="id660154"><attributes><point id="position"><real id="x">228.5</real><real id="y">82.5</real></point><size id="size"><real id="width">25</real><real id="height">53</real></size><angle id="rotation">0</angle></attributes><aspects/></actor><actor id="id558154" prototype="id880846"><attributes><point id="position"><real id="x">557</real><real id="y">116</real></point><size id="size"><real id="width">30</real><real id="height">30</real></size><angle id="rotation">0</angle></attributes><aspects/></actor><actor id="id615651" prototype="id492265"><attributes><point id="position"><real id="x">655</real><real id="y">194</real></point></attributes><aspects/></actor><actor id="id961624" prototype="id551854"><attributes><point id="position"><real id="x">372.5</real><real id="y">57</real></point><size id="size"><real id="width">753</real><real id="height">126</real></size><angle id="rotation">0</angle></attributes><aspects/></actor><actor id="id193376" prototype="id573059"><attributes><point id="position"><real id="x">2</real><real id="y">219.5</real></point><size id="size"><real id="width">40</real><real id="height">393</real></size></attributes><aspects/></actor><actor id="id351828" prototype="id573059"><attributes><point id="position"><real id="x">655</real><real id="y">451.5</real></point><size id="size"><real id="width">24</real><real id="height">377</real></size><angle id="rotation">0</angle></attributes><aspects/></actor><actor id="id532754" prototype="id765552"><attributes><point id="position"><real id="x">60</real><real id="y">145</real></point><size id="size"><real id="width">20</real><real id="height">50</real></size><angle id="rotation">0</angle></attributes><aspects/></actor><actor id="id385726" prototype="id551854"><attributes><point id="position"><real id="x">110</real><real id="y">301</real></point><size id="size"><real id="width">200</real><real id="height">26</real></size></attributes><aspects/></actor><actor id="id141277" prototype="id573059"><attributes><point id="position"><real id="x">750</real><real id="y">225.5</real></point><size id="size"><real id="width">24</real><real id="height">427</real></size></attributes><aspects/></actor><actor id="id957036" prototype="id551854"><attributes><point id="position"><real id="x">705</real><real id="y">421</real></point></attributes><aspects/></actor><actor id="id987053" prototype="id121064"><attributes><point id="position"><real id="x">59</real><real id="y">58</real></point></attributes><aspects><graphics><attributes><integer id="tileWidth">100</integer><integer id="tileHeight">100</integer></attributes></graphics></aspects></actor><actor id="id551042" prototype="id407435"><attributes><point id="position"><real id="x">174</real><real id="y">57</real></point></attributes><aspects><graphics><attributes><integer id="tileWidth">100</integer><integer id="tileHeight">100</integer></attributes></graphics></aspects></actor><actor id="id590308" prototype="id991035"><attributes><point id="position"><real id="x">661</real><real id="y">58</real></point></attributes><aspects><graphics><attributes><integer id="tileWidth">100</integer><integer id="tileHeight">100</integer></attributes></graphics></aspects></actor><actor id="id726495" prototype="id863036"><attributes><point id="position"><real id="x">199</real><real id="y">302</real></point><size id="size"><real id="width">30</real><real id="height">30</real></size></attributes><aspects/></actor></actors><attributes><text id="name">Background</text><boolean id="scrollable">true</boolean></attributes></layer></layers><attributes><text id="name">spikes</text><real id="time">0</real><size id="size"><real id="width">736</real><real id="height">414</real></size><boolean id="wrapX">false</boolean><boolean id="wrapY">false</boolean><point id="gravity"><real id="x">0</real><real id="y">0</real></point><color id="color"><real id="red">0</real><real id="green">0</real><real id="blue">0</real><real id="alpha">1</real></color><rect id="camera"><point id="origin"><real id="x">0</real><real id="y">0</real></point><size id="size"><real id="width">736</real><real id="height">414</real></size><size id="trackingArea"><real id="width">656</real><real id="height">334</real></size><real id="rotation">0</real></rect><attributes id="autorotate"><boolean id="landscapeLeft">true</boolean><boolean id="portrait">false</boolean><boolean id="landscapeRight">false</boolean><boolean id="portraitUpsideDown">false</boolean></attributes></attributes></scene>
